<?xml version="1.0" encoding="UTF-8"?>
<project-private xmlns="http://www.netbeans.org/ns/project-private/1">
    <editor-bookmarks xmlns="http://www.netbeans.org/ns/editor-bookmarks/2" lastBookmarkId="0"/>
    <open-files xmlns="http://www.netbeans.org/ns/projectui-open-files/2">
        <group>
            <file>file:/F:/JSP%20Tutorial/Tutoriall%20Exercise/CinemaTicketBooking/web/admin/adminpanel.jsp</file>
            <file>file:/F:/JSP%20Tutorial/Tutoriall%20Exercise/CinemaTicketBooking/src/java/cn/techtutorial/ctb/admin/servlet/AdminLoginServlet.java</file>
            <file>file:/F:/JSP%20Tutorial/Tutoriall%20Exercise/CinemaTicketBooking/src/java/cn/techtutorial/ctb/admin/dao/AdminDao.java</file>
            <file>file:/F:/JSP%20Tutorial/Tutoriall%20Exercise/CinemaTicketBooking/web/admin/adminlogin.jsp</file>
            <file>file:/F:/JSP%20Tutorial/Tutoriall%20Exercise/CinemaTicketBooking/src/java/cn/techtutorial/ctb/admin/services/AdminService.java</file>
        </group>
    </open-files>
</project-private>
